{"name":"Form root","localizedNames":{},"localizedDescriptions":{},"rmType":"FORM_DEFINITION","min":0,"max":0,"formId":"form_root","viewConfig":{"label":{"custom":false,"useLocalizations":false},"size":{"field":"inherit","label":"inherit"},"layout":{"label":{"valign":"inherit","align":"inherit"},"field":{"valign":"inherit","align":"inherit"}},"annotations":{}},"children":[{"name":"questions_one_dips","localizedName":"questions_one_dips","localizedNames":{"en":"*questions_one_dips (nb)","nb":"questions_one_dips"},"localizedDescriptions":{"nb":"questions_one_dips","en":"*questions_one_dips (nb)"},"rmType":"EVALUATION","nodeId":"openEHR-EHR-EVALUATION.questions_one_dips.v1","min":0,"max":1,"aqlPath":"/content[openEHR-EHR-EVALUATION.questions_one_dips.v1]","inputs":[],"formId":"question_hack_01/questions_one_dips","viewConfig":{"multiplicity":{"min":0,"max":1},"advanced":{"hidden":false,"readonly":false,"hideFrame":false,"render":false},"label":{"custom":false,"useLocalizations":false},"size":{"field":"inherit","label":"inherit"},"layout":{"label":{"valign":"inherit","align":"top"},"field":{"valign":"inherit","align":"inherit"}},"annotations":{},"field":{}},"children":[{"name":"Kontroll spørsmål","localizedName":"Kontroll spørsmål","localizedNames":{"en":"*Kontroll spørsmål (nb)","nb":"Kontroll spørsmål"},"localizedDescriptions":{"nb":"","en":"* (nb)"},"rmType":"DV_BOOLEAN","nodeId":"at0002","min":0,"max":1,"aqlPath":"/content[openEHR-EHR-EVALUATION.questions_one_dips.v1]/data[at0001]/items[at0002]/value","inputs":[{"type":"BOOLEAN","defaultValue":"False","listOpen":false}],"formId":"question_hack_01/questions_one_dips/kontroll_spørsmål","viewConfig":{"multiplicity":{"min":0,"max":1},"advanced":{"hidden":false,"readonly":false,"hideFrame":false,"render":false},"label":{"custom":false,"useLocalizations":false},"size":{"field":"inherit","label":"inherit"},"layout":{"label":{"valign":"inherit","align":"inherit"},"field":{"valign":"inherit","align":"inherit"}},"annotations":{},"field":{"input":{"threeState":false}}}},{"name":"Oppfølgingsspørsmål","localizedName":"Oppfølgingsspørsmål","localizedNames":{"en":"*Oppfølgingsspørsmål (nb)","nb":"Oppfølgingsspørsmål"},"localizedDescriptions":{"nb":"","en":"* (nb)"},"rmType":"DV_CODED_TEXT","nodeId":"at0003","min":0,"max":1,"aqlPath":"/content[openEHR-EHR-EVALUATION.questions_one_dips.v1]/data[at0001]/items[at0003]/value","inputs":[{"suffix":"code","type":"CODED_TEXT","list":[{"value":"at0004","label":"Svar A","ordinal":0,"localizedLabels":{"nb":"Svar A","en":"*Svar A (nb)"},"localizedDescriptions":{"nb":"Det første og beste svaret?","en":"*Det første og beste svaret? (nb)"}},{"value":"at0005","label":"Svar B","ordinal":0,"localizedLabels":{"nb":"Svar B","en":"*Svar B (nb)"},"localizedDescriptions":{"nb":"Eller kanskje dette er enda bedre enn det forrige?","en":"*Eller kanskje dette er enda bedre enn det forrige? (nb)"}},{"value":"at0006","label":"Svar C","ordinal":0,"localizedLabels":{"nb":"Svar C","en":"*Svar C (nb)"},"localizedDescriptions":{"nb":"Neida - det siste er alltid best","en":"*Neida - det siste er alltid best (nb)"}}],"listOpen":false}],"formId":"question_hack_01/questions_one_dips/oppfølgingsspørsmål","viewConfig":{"multiplicity":{"min":0,"max":1},"advanced":{"hidden":false,"readonly":false,"hideFrame":false,"render":false},"label":{"custom":false,"useLocalizations":false},"size":{"field":"inherit","label":"inherit"},"layout":{"label":{"valign":"inherit","align":"inherit"},"field":{"valign":"inherit","align":"inherit"}},"annotations":{},"field":{"code":{"presentation":"radios","columns":"1"}}}},{"name":"Sist oppdatert","localizedName":"Sist oppdatert","localizedNames":{"en":"*Sist oppdatert (nb)","nb":"Sist oppdatert"},"localizedDescriptions":{"nb":"","en":"* (nb)"},"rmType":"DV_DATE_TIME","nodeId":"at0008","min":0,"max":1,"aqlPath":"/content[openEHR-EHR-EVALUATION.questions_one_dips.v1]/protocol[at0007]/items[at0008]/value","inputs":[{"type":"DATETIME","listOpen":false}],"formId":"question_hack_01/questions_one_dips/sist_oppdatert","viewConfig":{"multiplicity":{"min":0,"max":1},"advanced":{"hidden":false,"readonly":false,"hideFrame":false,"render":false},"label":{"custom":false,"useLocalizations":false},"size":{"field":"inherit","label":"inherit"},"layout":{"label":{"valign":"inherit","align":"inherit"},"field":{"valign":"inherit","align":"inherit"}},"annotations":{},"field":{"input":{"hideTime":false,"dateFormat":"","hideDate":false}}}}]}]}