[{"field":"question_hack_01/questions_one_dips/kontroll_spørsmål","conditions":[{"operator":"is","value":{"value":"True"},"actions":[{"action":"enable","target":"question_hack_01/questions_one_dips/oppfølgingsspørsmål"},{"action":"show","target":"question_hack_01/questions_one_dips/oppfølgingsspørsmål"}]},{"operator":"isnot","value":{"value":"True"},"actions":[{"action":"disable","target":"question_hack_01/questions_one_dips/oppfølgingsspørsmål"},{"action":"hide","target":"question_hack_01/questions_one_dips/oppfølgingsspørsmål"},{"action":"clear","target":"question_hack_01/questions_one_dips/oppfølgingsspørsmål"}]}]}]